begin transaction;
set search_path to projet_ift_2935;
INSERT INTO personne VALUES (214757, 'G7B0A5', 'MENDOZA', '1970-06-12', 'Sciences de l education', '(450) 876-3889', 'Madison.MENDOZA2@umontreal.ca', 6481);
INSERT INTO prenoms VALUES (214757, 'Madison');
INSERT INTO prenoms VALUES (214757, 'Genesis');
INSERT INTO prenoms VALUES (214757, 'Evan');
INSERT INTO etudiant VALUES (214757, 'Orthodidactique des mathematiques', 107, 3.2);
INSERT INTO personne VALUES (3713691, 'J0P1R0', 'FOX', '1968-06-23', 'Ecole de sante publique', '(819) 843-7168', 'Evan.FOX3@umontreal.ca', 10798);
INSERT INTO prenoms VALUES (3713691, 'Evan');
INSERT INTO prenoms VALUES (3713691, 'Dominic');
INSERT INTO prenoms VALUES (3713691, 'Sean');
INSERT INTO prenoms VALUES (3713691, 'Trinity');
INSERT INTO etudiant VALUES (3713691, 'Epidemiologie', 30, 4.3);
INSERT INTO personne VALUES (7885636, 'J3V6E6', 'GOMEZ', '1974-11-12', 'Droit', '(450) 497-7259', 'Sofia.GOMEZ7@umontreal.ca', 7652);
INSERT INTO prenoms VALUES (7885636, 'Sofia');
INSERT INTO etudiant VALUES (7885636, 'Droit et travail', 75, 3.7);
INSERT INTO personne VALUES (93812687, 'G0A3W0', 'FRANKLIN', '2002-02-04', 'Medecine', '(514) 905-6311', 'Alexandra.FRANKLIN1@umontreal.ca', 5278);
INSERT INTO prenoms VALUES (93812687, 'Alexandra');
INSERT INTO etudiant VALUES (93812687, 'Sante mentale', 107, 3.5);
INSERT INTO personne VALUES (788460, 'G0X1S0', 'MCCOY', '1987-01-30', 'Arts et sciences', '(819) 770-4158', 'Amelia.MCCOY1@umontreal.ca', 8286);
INSERT INTO prenoms VALUES (788460, 'Amelia');
INSERT INTO etudiant VALUES (788460, 'Geographie environnementale', 65, 2.6);
INSERT INTO personne VALUES (6267377, 'J9T1A1', 'MOORE', '1974-03-01', 'Arts et sciences', '(514) 469-1525', 'Jeremiah.MOORE1@umontreal.ca', 204);
INSERT INTO prenoms VALUES (6267377, 'Jeremiah');
INSERT INTO etudiant VALUES (6267377, 'Cinema', 89, 3.9);
INSERT INTO personne VALUES (453458, 'J0B3E3', 'MILLS', '1973-11-01', 'Arts et sciences', '(438) 448-2338', 'Jaden.MILLS7@umontreal.ca', 3229);
INSERT INTO prenoms VALUES (453458, 'Jaden');
INSERT INTO etudiant VALUES (453458, 'Archeologie classique', 41, 4.2);
INSERT INTO personne VALUES (37833842, 'G0C1W0', 'DIAZ', '1967-04-18', 'Arts et sciences', '(514) 473-5589', 'Thomas.DIAZ5@umontreal.ca', 7207);
INSERT INTO prenoms VALUES (37833842, 'Thomas');
INSERT INTO prenoms VALUES (37833842, 'Claire');
INSERT INTO prenoms VALUES (37833842, 'Alexa');
INSERT INTO etudiant VALUES (37833842, 'Etudes allemandes et Histoire', 59, 4.3);
INSERT INTO personne VALUES (995261, 'J0B1S0', 'MEDINA', '1991-05-31', 'Medecine', '(450) 713-4103', 'Liam.MEDINA8@umontreal.ca', 2068);
INSERT INTO prenoms VALUES (995261, 'Liam');
INSERT INTO etudiant VALUES (995261, 'Physiologie', 51, 4.2);
INSERT INTO personne VALUES (4775605, 'J0R1V0', 'PAYNE', '1979-07-22', 'Medecine dentaire', '(514) 643-3686', 'Jeremiah.PAYNE2@umontreal.ca', 7808);
INSERT INTO prenoms VALUES (4775605, 'Jeremiah');
INSERT INTO etudiant VALUES (4775605, 'Medecine dentaire - Sciences buccodentaires', 109, 3.4);
INSERT INTO personne VALUES (4385874, 'R2L1P7', 'SHELTON', '1988-07-08', 'Arts et sciences', '(450) 535-9285', 'Madeline.SHELTON8@umontreal.ca', 6513);
INSERT INTO prenoms VALUES (4385874, 'Madeline');
INSERT INTO etudiant VALUES (4385874, 'Etudes hispaniques', 65, 4.0);
INSERT INTO personne VALUES (9263942, 'H7H2W7', 'CHANDLER', '1988-12-17', 'Arts et sciences', '(514) 875-3806', 'Henry.CHANDLER1@umontreal.ca', 827);
INSERT INTO prenoms VALUES (9263942, 'Henry');
INSERT INTO etudiant VALUES (9263942, 'Geomatique et cartographie dynamique', 64, 3.1);
INSERT INTO personne VALUES (41416448, 'G0N1M0', 'CARPENTER', '1992-05-18', 'Sciences de l education', '(450) 832-5150', 'Rachel.CARPENTER4@umontreal.ca', 12044);
INSERT INTO prenoms VALUES (41416448, 'Rachel');
INSERT INTO etudiant VALUES (41416448, 'Pedagogie universitaire des sciences medicales', 74, 3.2);
INSERT INTO personne VALUES (7985864, 'G0S3H0', 'BLAIR', '1988-08-26', 'Medecine', '(438) 694-4945', 'Ella.BLAIR2@umontreal.ca', 9134);
INSERT INTO prenoms VALUES (7985864, 'Ella');
INSERT INTO etudiant VALUES (7985864, 'Pathologie et biologie cellulaire', 77, 4.3);
INSERT INTO personne VALUES (480820, 'J0M1P0', 'TRAN', '1983-03-26', 'Sciences de l education', '(450) 591-5677', 'Jocelyn.TRAN8@umontreal.ca', 61);
INSERT INTO prenoms VALUES (480820, 'Jocelyn');
INSERT INTO etudiant VALUES (480820, 'Enseignement de l ethique et de la culture religieuse au second', 73, 3.7);
INSERT INTO personne VALUES (1055183, 'J0Y1W0', 'CARLSON', '1974-02-04', 'Arts et sciences', '(450) 742-5764', 'Taylor.CARLSON1@umontreal.ca', 8148);
INSERT INTO prenoms VALUES (1055183, 'Taylor');
INSERT INTO etudiant VALUES (1055183, 'Litterature', 64, 4.0);
INSERT INTO personne VALUES (8785998, 'J8L0A1', 'SCHNEIDER', '1994-12-02', 'Arts et sciences', '(450) 511-2656', 'Cameron.SCHNEIDER9@umontreal.ca', 7443);
INSERT INTO prenoms VALUES (8785998, 'Cameron');
INSERT INTO etudiant VALUES (8785998, 'Etudes autochtones', 51, 2.9);
INSERT INTO personne VALUES (8760673, 'J6Z1G0', 'PORTER', '1981-05-21', 'Arts et sciences', '(438) 545-5916', 'Brandon.PORTER3@umontreal.ca', 442);
INSERT INTO prenoms VALUES (8760673, 'Brandon');
INSERT INTO etudiant VALUES (8760673, 'Litterature comparee', 56, 2.6);
INSERT INTO personne VALUES (15708823, 'G8N4C5', 'VARGAS', '1984-10-08', 'Arts et sciences', '(819) 539-7648', 'Jackson.VARGAS3@umontreal.ca', 8233);
INSERT INTO prenoms VALUES (15708823, 'Jackson');
INSERT INTO prenoms VALUES (15708823, 'Isaac');
INSERT INTO prenoms VALUES (15708823, 'Gianna');
INSERT INTO prenoms VALUES (15708823, 'Emma');
INSERT INTO etudiant VALUES (15708823, 'Action communautaire', 37, 3.3);
INSERT INTO personne VALUES (64170043, 'G0E1C0', 'BENNETT', '1983-09-13', 'Medecine', '(438) 357-6773', 'Josiah.BENNETT8@umontreal.ca', 4770);
INSERT INTO prenoms VALUES (64170043, 'Josiah');
INSERT INTO etudiant VALUES (64170043, 'Pathologie moleculaire et medecine personnalisee', 30, 2.8);
INSERT INTO personne VALUES (86867902, 'J0E2N0', 'SPENCER', '1980-02-12', 'Amenagement', '(438) 804-5398', 'Madison.SPENCER2@umontreal.ca', 8256);
INSERT INTO prenoms VALUES (86867902, 'Madison');
INSERT INTO etudiant VALUES (86867902, 'Etudes individualisees – M.Sc.A.', 61, 3.8);
INSERT INTO personne VALUES (982080, 'G5L3J9', 'WASHINGTON', '1971-02-08', 'Arts et sciences', '(438) 598-8246', 'Jacob.WASHINGTON8@umontreal.ca', 1249);
INSERT INTO prenoms VALUES (982080, 'Jacob');
INSERT INTO etudiant VALUES (982080, 'Communication organisationnelle', 61, 3.7);
INSERT INTO personne VALUES (27766416, 'G0J1A0', 'WELCH', '1974-12-20', 'Medecine', '(514) 604-3161', 'Ariana.WELCH2@umontreal.ca', 6240);
INSERT INTO prenoms VALUES (27766416, 'Ariana');
INSERT INTO etudiant VALUES (27766416, 'Kinesiologie - Sciences de l activite physique', 114, 3.7);
INSERT INTO personne VALUES (9155424, 'J2A1A0', 'WELLS', '2001-01-20', 'Medecine', '(438) 775-0014', 'Jason.WELLS8@umontreal.ca', 3208);
INSERT INTO prenoms VALUES (9155424, 'Jason');
INSERT INTO etudiant VALUES (9155424, 'Physiotherapie - Reeducation perineale et pelvienne', 104, 2.6);
INSERT INTO personne VALUES (648654, 'G0S3H0', 'GARCIA', '1996-02-23', 'Arts et sciences', '(514) 549-8631', 'Mia.GARCIA4@umontreal.ca', 1586);
INSERT INTO prenoms VALUES (648654, 'Mia');
INSERT INTO etudiant VALUES (648654, 'Linguistique et Psychologie', 59, 2.7);
INSERT INTO personne VALUES (21586972, 'H9P1H9', 'ROBERTS', '1972-06-08', 'Sciences de l education', '(819) 819-2407', 'Bailey.ROBERTS3@umontreal.ca', 3067);
INSERT INTO prenoms VALUES (21586972, 'Bailey');
INSERT INTO etudiant VALUES (21586972, 'Administration de l education (D.Ed.)', 82, 4.0);
INSERT INTO personne VALUES (739758, 'J0B1G0', 'PETERS', '1981-04-14', 'Sciences de l education', '(819) 637-6289', 'Genesis.PETERS8@umontreal.ca', 12086);
INSERT INTO prenoms VALUES (739758, 'Genesis');
INSERT INTO etudiant VALUES (739758, 'Administration des systemes d education et de formation', 94, 3.3);
INSERT INTO personne VALUES (901542, 'G0X3E0', 'JOHNSTON', '1966-08-06', 'Arts et sciences', '(438) 543-7932', 'Grace.JOHNSTON4@umontreal.ca', 1167);
INSERT INTO prenoms VALUES (901542, 'Grace');
INSERT INTO etudiant VALUES (901542, 'Securite interieure', 75, 3.6);
INSERT INTO personne VALUES (4847119, 'G6K0A1', 'REYNOLDS', '1990-02-10', 'Medecine', '(438) 829-6905', 'Sarah.REYNOLDS2@umontreal.ca', 1889);
INSERT INTO prenoms VALUES (4847119, 'Sarah');
INSERT INTO prenoms VALUES (4847119, 'Caden');
INSERT INTO prenoms VALUES (4847119, 'Mariah');
INSERT INTO prenoms VALUES (4847119, 'Justin');
INSERT INTO etudiant VALUES (4847119, 'Sante mentale', 80, 3.8);
INSERT INTO personne VALUES (172756, 'J0L2X0', 'FITZGERALD', '1995-12-14', 'Arts et sciences', '(514) 450-7943', 'Aaliyah.FITZGERALD3@umontreal.ca', 10120);
INSERT INTO prenoms VALUES (172756, 'Aaliyah');
INSERT INTO prenoms VALUES (172756, 'Andrea');
INSERT INTO prenoms VALUES (172756, 'Kylie');
INSERT INTO etudiant VALUES (172756, 'Traduction', 120, 4.1);
INSERT INTO personne VALUES (57267374, 'J0R1V0', 'HIGGINS', '1984-12-22', 'Arts et sciences', '(438) 730-6120', 'Kaden.HIGGINS6@umontreal.ca', 4481);
INSERT INTO prenoms VALUES (57267374, 'Kaden');
INSERT INTO etudiant VALUES (57267374, 'Statistique', 115, 4.0);
INSERT INTO personne VALUES (7519505, 'H3Z2V4', 'MITCHELL', '1972-05-19', 'Ecole de sante publique', '(819) 664-5994', 'Jackson.MITCHELL8@umontreal.ca', 10901);
INSERT INTO prenoms VALUES (7519505, 'Jackson');
INSERT INTO prenoms VALUES (7519505, 'Nevaeh');
INSERT INTO etudiant VALUES (7519505, 'Bioethique', 113, 2.7);
INSERT INTO personne VALUES (3199042, 'J2B6X3', 'MILLER', '1994-10-05', 'Sciences de l education', '(450) 960-2507', 'Brayden.MILLER6@umontreal.ca', 1159);
INSERT INTO prenoms VALUES (3199042, 'Brayden');
INSERT INTO etudiant VALUES (3199042, 'Education prescolaire et enseignement primaire - Campus Laval', 43, 2.7);
INSERT INTO personne VALUES (696100, 'J0G1G0', 'COLLINS', '1989-08-23', 'Arts et sciences', '(819) 717-4957', 'Henry.COLLINS3@umontreal.ca', 2948);
INSERT INTO prenoms VALUES (696100, 'Henry');
INSERT INTO etudiant VALUES (696100, 'Psychologie - recherche et intervention - option Psychologie du', 91, 3.9);
INSERT INTO personne VALUES (3747669, 'G0J1N0', 'REYNOLDS', '1986-05-21', 'Medecine', '(450) 948-9199', 'Jonathan.REYNOLDS9@umontreal.ca', 10726);
INSERT INTO prenoms VALUES (3747669, 'Jonathan');
INSERT INTO etudiant VALUES (3747669, 'Sciences neurologiques', 55, 2.7);
INSERT INTO personne VALUES (99105013, 'J0P1L0', 'WARNER', '1988-04-26', 'Arts et sciences', '(438) 596-4819', 'Jordan.WARNER7@umontreal.ca', 11203);
INSERT INTO prenoms VALUES (99105013, 'Jordan');
INSERT INTO etudiant VALUES (99105013, 'Analyses environnementales et industrielles', 57, 2.9);
INSERT INTO personne VALUES (7422834, 'G2E1K9', 'CURTIS', '1969-06-08', 'Ecole de sante publique', '(514) 624-1822', 'Hannah.CURTIS4@umontreal.ca', 1649);
INSERT INTO prenoms VALUES (7422834, 'Hannah');
INSERT INTO etudiant VALUES (7422834, 'Administration des services de sante, option administration soc', 106, 3.6);
INSERT INTO personne VALUES (738210, 'J6N3C1', 'SANDERS', '1976-08-24', 'Arts et sciences', '(514) 857-1560', 'Grace.SANDERS6@umontreal.ca', 1646);
INSERT INTO prenoms VALUES (738210, 'Grace');
INSERT INTO etudiant VALUES (738210, 'Communication organisationnelle', 118, 3.2);
INSERT INTO personne VALUES (5221922, 'J0H1J0', 'THOMPSON', '1978-03-28', 'Ecole de sante publique', '(450) 514-6615', 'Ariana.THOMPSON5@umontreal.ca', 2351);
INSERT INTO prenoms VALUES (5221922, 'Ariana');
INSERT INTO etudiant VALUES (5221922, 'Administration des services de sante', 85, 4.0);
INSERT INTO personne VALUES (3614956, 'J2B6X3', 'WARREN', '1974-01-19', 'Ecole de sante publique', '(438) 387-3929', 'Jocelyn.WARREN8@umontreal.ca', 4344);
INSERT INTO prenoms VALUES (3614956, 'Jocelyn');
INSERT INTO etudiant VALUES (3614956, 'Analyse et evaluation des interventions en sante', 97, 3.7);
INSERT INTO personne VALUES (59959463, 'G0G2Y0', 'JIMENEZ', '1965-06-03', 'Sciences de l education', '(819) 917-0613', 'Addison.JIMENEZ7@umontreal.ca', 12020);
INSERT INTO prenoms VALUES (59959463, 'Addison');
INSERT INTO etudiant VALUES (59959463, 'Enseignement de l univers social au secondaire', 56, 3.9);
INSERT INTO personne VALUES (7554953, 'H9C2C2', 'SHARP', '1995-04-19', 'Arts et sciences', '(450) 928-0173', 'Luke.SHARP3@umontreal.ca', 4451);
INSERT INTO prenoms VALUES (7554953, 'Luke');
INSERT INTO etudiant VALUES (7554953, 'Chimie', 94, 4.0);
INSERT INTO personne VALUES (64890502, 'J0P1R0', 'BECK', '1965-06-17', 'Arts et sciences', '(450) 475-5848', 'Chloe.BECK1@umontreal.ca', 8724);
INSERT INTO prenoms VALUES (64890502, 'Chloe');
INSERT INTO etudiant VALUES (64890502, 'Litteratures de langue française et Linguistique', 95, 2.7);
INSERT INTO personne VALUES (285003, 'G0E1X0', 'BECK', '1990-04-02', 'Sciences de l education', '(450) 589-9524', 'Justin.BECK3@umontreal.ca', 9735);
INSERT INTO prenoms VALUES (285003, 'Justin');
INSERT INTO prenoms VALUES (285003, 'Isabelle');
INSERT INTO prenoms VALUES (285003, 'Alexander');
INSERT INTO prenoms VALUES (285003, 'Joshua');
INSERT INTO etudiant VALUES (285003, 'Enseignement en adaptation scolaire - Campus Laval', 79, 2.9);
INSERT INTO personne VALUES (793543, 'J0X2M0', 'RUIZ', '1994-11-30', 'Arts et sciences', '(514) 470-1777', 'Ashley.RUIZ9@umontreal.ca', 401);
INSERT INTO prenoms VALUES (793543, 'Ashley');
INSERT INTO etudiant VALUES (793543, 'Communication et Politique', 102, 3.8);
INSERT INTO personne VALUES (7032692, 'J0B2R0', 'PHILLIPS', '1986-05-05', 'Arts et sciences', '(514) 493-8732', 'Brady.PHILLIPS1@umontreal.ca', 2136);
INSERT INTO prenoms VALUES (7032692, 'Brady');
INSERT INTO etudiant VALUES (7032692, 'Litterature', 41, 3.4);
INSERT INTO personne VALUES (32452731, 'G7N0A1', 'COOPER', '1970-04-20', 'Medecine', '(450) 363-6421', 'Andrea.COOPER7@umontreal.ca', 5091);
INSERT INTO prenoms VALUES (32452731, 'Andrea');
INSERT INTO etudiant VALUES (32452731, 'Physiologie', 47, 2.7);
INSERT INTO personne VALUES (8634316, 'H7H2S4', 'BISHOP', '1981-04-07', 'Arts et sciences', '(450) 944-0613', 'Tyler.BISHOP4@umontreal.ca', 11606);
INSERT INTO prenoms VALUES (8634316, 'Tyler');
INSERT INTO etudiant VALUES (8634316, 'Travail social - Campus Montreal', 81, 3.6);
INSERT INTO personne VALUES (576760, 'J2W0A0', 'CUNNINGHAM', '1987-04-12', 'Arts et sciences', '(819) 573-2842', 'Jack.CUNNINGHAM3@umontreal.ca', 9113);
INSERT INTO prenoms VALUES (576760, 'Jack');
INSERT INTO prenoms VALUES (576760, 'James');
INSERT INTO prenoms VALUES (576760, 'Alexa');
INSERT INTO prenoms VALUES (576760, 'Madelyn');
INSERT INTO etudiant VALUES (576760, 'Geomatique et analyse spatiale', 58, 3.6);
INSERT INTO personne VALUES (42929910, 'G0A2M0', 'HOLMES', '1984-01-16', 'Sciences de l education', '(819) 895-1856', 'Kayla.HOLMES1@umontreal.ca', 8077);
INSERT INTO prenoms VALUES (42929910, 'Kayla');
INSERT INTO etudiant VALUES (42929910, 'Andragogie', 67, 3.9);
commit;