begin transaction;
set search_path to projet_ift_2935;
INSERT INTO personne VALUES (4767982, 'G0M1E0', 'KELLER', '1987-03-13', 'Medecine', '(819) 418-0843', 'Landon.KELLER8@umontreal.ca', 6554);
INSERT INTO prenoms VALUES (4767982, 'Landon');
INSERT INTO professeur VALUES (4767982, 'Pathologie et biologie cellul.');
INSERT INTO personne VALUES (2233107, 'G5R0A1', 'PADILLA', '1972-09-30', 'Sciences de l education', '(819) 608-0513', 'Madelyn.PADILLA5@umontreal.ca', 9579);
INSERT INTO prenoms VALUES (2233107, 'Madelyn');
INSERT INTO professeur VALUES (2233107, 'Psychopedagogie et andragogie');
INSERT INTO personne VALUES (2901329, 'G6G0A1', 'NELSON', '1994-09-02', 'Arts et sciences', '(819) 413-0426', 'Morgan.NELSON7@umontreal.ca', 4389);
INSERT INTO prenoms VALUES (2901329, 'Morgan');
INSERT INTO professeur VALUES (2901329, 'Litteratures/langues du monde');
INSERT INTO personne VALUES (20233809, 'J6J2A8', 'VAUGHN', '1969-04-10', 'Arts et sciences', '(450) 642-2339', 'Brayden.VAUGHN1@umontreal.ca', 2218);
INSERT INTO prenoms VALUES (20233809, 'Brayden');
INSERT INTO professeur VALUES (20233809, 'Litterature comparee,Philosophie');
INSERT INTO personne VALUES (168372, 'H1M3H7', 'MALDONADO', '1993-01-06', 'Sciences de l education', '(514) 958-6120', 'Audrey.MALDONADO9@umontreal.ca', 6216);
INSERT INTO prenoms VALUES (168372, 'Audrey');
INSERT INTO professeur VALUES (168372, 'Formation initiale des maitres');
INSERT INTO personne VALUES (41019719, 'G0W1Z0', 'DANIEL', '1972-05-07', 'Sciences de l education', '(450) 846-0536', 'Thomas.DANIEL8@umontreal.ca', 10514);
INSERT INTO prenoms VALUES (41019719, 'Thomas');
INSERT INTO professeur VALUES (41019719, 'Formation initiale des maitres');
INSERT INTO personne VALUES (35156102, 'G0L2M0', 'FLEMING', '2000-08-30', 'Arts et sciences', '(514) 498-8541', 'Liam.FLEMING2@umontreal.ca', 8295);
INSERT INTO prenoms VALUES (35156102, 'Liam');
INSERT INTO professeur VALUES (35156102, 'Litteratures lang. française');
INSERT INTO personne VALUES (36040903, 'H9X1P3', 'CARR', '1989-08-13', 'Medecine', '(438) 572-5763', 'Lily.CARR7@umontreal.ca', 1329);
INSERT INTO prenoms VALUES (36040903, 'Lily');
INSERT INTO professeur VALUES (36040903, 'Microbio. infectio. et immuno.');
INSERT INTO personne VALUES (617060, 'G0J3H0', 'PALMER', '2001-09-28', 'Arts et sciences', '(819) 432-4595', 'Eric.PALMER2@umontreal.ca', 9699);
INSERT INTO prenoms VALUES (617060, 'Eric');
INSERT INTO prenoms VALUES (617060, 'Evelyn');
INSERT INTO prenoms VALUES (617060, 'Colton');
INSERT INTO prenoms VALUES (617060, 'Abigail');
INSERT INTO professeur VALUES (617060, 'Mathematiques et statistique,Physique');
INSERT INTO personne VALUES (378852, 'G0C1Y0', 'GARNER', '1994-03-23', 'Arts et sciences', '(514) 607-9719', 'Zoey.GARNER3@umontreal.ca', 6274);
INSERT INTO prenoms VALUES (378852, 'Zoey');
INSERT INTO professeur VALUES (378852, 'Psychologie');
commit;